{
  "Buscar voos" : {
    "transaction" : "Buscar voos",
    "sampleCount" : 6060,
    "errorCount" : 2,
    "errorPct" : 0.0330033,
    "meanResTime" : 440.9384488448841,
    "medianResTime" : 295.0,
    "minResTime" : 1.0,
    "maxResTime" : 8326.0,
    "pct1ResTime" : 667.8000000000011,
    "pct2ResTime" : 1274.4999999999982,
    "pct3ResTime" : 2494.9500000000016,
    "throughput" : 25.897325225105877,
    "receivedKBytesPerSec" : 185.6140154716219,
    "sentKBytesPerSec" : 5.4103501427344325
  },
  "Total" : {
    "transaction" : "Total",
    "sampleCount" : 24709,
    "errorCount" : 2,
    "errorPct" : 0.008094217,
    "meanResTime" : 5048.634465174602,
    "medianResTime" : 311.5,
    "minResTime" : 1.0,
    "maxResTime" : 26077.0,
    "pct1ResTime" : 21519.0,
    "pct2ResTime" : 21648.0,
    "pct3ResTime" : 22080.0,
    "throughput" : 94.51659175671799,
    "receivedKBytesPerSec" : 565.0403811442096,
    "sentKBytesPerSec" : 22.75740084393229
  },
  "Compra Passagem Aérea" : {
    "transaction" : "Compra Passagem Aérea",
    "sampleCount" : 0,
    "errorCount" : 0,
    "errorPct" : "NaN",
    "meanResTime" : "NaN",
    "medianResTime" : "NaN",
    "minResTime" : 9.223372036854776E18,
    "maxResTime" : -9.223372036854776E18,
    "pct1ResTime" : "NaN",
    "pct2ResTime" : "NaN",
    "pct3ResTime" : "NaN",
    "throughput" : 0.0,
    "receivedKBytesPerSec" : 0.0,
    "sentKBytesPerSec" : 0.0
  },
  "Comprar Passagem" : {
    "transaction" : "Comprar Passagem",
    "sampleCount" : 6049,
    "errorCount" : 0,
    "errorPct" : 0.0,
    "meanResTime" : 379.9424698297242,
    "medianResTime" : 290.0,
    "minResTime" : 233.0,
    "maxResTime" : 4697.0,
    "pct1ResTime" : 525.0,
    "pct2ResTime" : 869.0,
    "pct3ResTime" : 1598.0,
    "throughput" : 25.945449788327338,
    "receivedKBytesPerSec" : 146.45115873090765,
    "sentKBytesPerSec" : 9.476170137533616
  },
  "Home" : {
    "transaction" : "Home",
    "sampleCount" : 6544,
    "errorCount" : 0,
    "errorPct" : 0.0,
    "meanResTime" : 17921.098869193123,
    "medianResTime" : 21496.0,
    "minResTime" : 413.0,
    "maxResTime" : 26077.0,
    "pct1ResTime" : 21987.0,
    "pct2ResTime" : 22076.75,
    "pct3ResTime" : 23177.400000000005,
    "throughput" : 25.032035956775363,
    "receivedKBytesPerSec" : 116.2887449794396,
    "sentKBytesPerSec" : 3.740138184947882
  },
  "Escolher Voo" : {
    "transaction" : "Escolher Voo",
    "sampleCount" : 6056,
    "errorCount" : 0,
    "errorPct" : 0.0,
    "meanResTime" : 412.92585865257666,
    "medianResTime" : 293.0,
    "minResTime" : 233.0,
    "maxResTime" : 21558.0,
    "pct1ResTime" : 586.3000000000002,
    "pct2ResTime" : 1069.5999999999985,
    "pct3ResTime" : 1970.7300000000032,
    "throughput" : 25.90946234442985,
    "receivedKBytesPerSec" : 170.00718221762065,
    "sentKBytesPerSec" : 6.401458958145266
  }
}