{
  "Buscar voos" : {
    "transaction" : "Buscar voos",
    "sampleCount" : 56531,
    "errorCount" : 0,
    "errorPct" : 0.0,
    "meanResTime" : 749.7647485450436,
    "medianResTime" : 451.0,
    "minResTime" : 230.0,
    "maxResTime" : 15582.0,
    "pct1ResTime" : 1172.0,
    "pct2ResTime" : 2292.850000000002,
    "pct3ResTime" : 7893.990000000002,
    "throughput" : 78.52225753400302,
    "receivedKBytesPerSec" : 562.9223994715329,
    "sentKBytesPerSec" : 16.409924914332663
  },
  "Total" : {
    "transaction" : "Total",
    "sampleCount" : 226022,
    "errorCount" : 2,
    "errorPct" : 8.848696E-4,
    "meanResTime" : 751.9762014317214,
    "medianResTime" : 547.0,
    "minResTime" : 230.0,
    "maxResTime" : 15653.0,
    "pct1ResTime" : 1433.0,
    "pct2ResTime" : 2252.9500000000007,
    "pct3ResTime" : 5597.950000000008,
    "throughput" : 312.6916952465804,
    "receivedKBytesPerSec" : 1877.6173356271624,
    "sentKBytesPerSec" : 75.85249505803256
  },
  "Compra Passagem Aérea" : {
    "transaction" : "Compra Passagem Aérea",
    "sampleCount" : 0,
    "errorCount" : 0,
    "errorPct" : "NaN",
    "meanResTime" : "NaN",
    "medianResTime" : "NaN",
    "minResTime" : 9.223372036854776E18,
    "maxResTime" : -9.223372036854776E18,
    "pct1ResTime" : "NaN",
    "pct2ResTime" : "NaN",
    "pct3ResTime" : "NaN",
    "throughput" : 0.0,
    "receivedKBytesPerSec" : 0.0,
    "sentKBytesPerSec" : 0.0
  },
  "Comprar Passagem" : {
    "transaction" : "Comprar Passagem",
    "sampleCount" : 56412,
    "errorCount" : 0,
    "errorPct" : 0.0,
    "meanResTime" : 770.7567184287016,
    "medianResTime" : 446.0,
    "minResTime" : 232.0,
    "maxResTime" : 11515.0,
    "pct1ResTime" : 1183.0,
    "pct2ResTime" : 2430.4000000000087,
    "pct3ResTime" : 7991.960000000006,
    "throughput" : 78.41011442105614,
    "receivedKBytesPerSec" : 442.5889872773988,
    "sentKBytesPerSec" : 28.638069134252927
  },
  "Home" : {
    "transaction" : "Home",
    "sampleCount" : 56606,
    "errorCount" : 2,
    "errorPct" : 0.0035331943,
    "meanResTime" : 742.4263682295073,
    "medianResTime" : 439.0,
    "minResTime" : 233.0,
    "maxResTime" : 11364.0,
    "pct1ResTime" : 1193.9000000000015,
    "pct2ResTime" : 2281.9000000000015,
    "pct3ResTime" : 7902.94000000001,
    "throughput" : 78.31196123000386,
    "receivedKBytesPerSec" : 363.78727097735697,
    "sentKBytesPerSec" : 11.700908269717374
  },
  "Escolher Voo" : {
    "transaction" : "Escolher Voo",
    "sampleCount" : 56473,
    "errorCount" : 0,
    "errorPct" : 0.0,
    "meanResTime" : 745.0020186637895,
    "medianResTime" : 447.0,
    "minResTime" : 234.0,
    "maxResTime" : 15653.0,
    "pct1ResTime" : 1173.9000000000015,
    "pct2ResTime" : 2267.9000000000015,
    "pct3ResTime" : 7935.950000000008,
    "throughput" : 78.48322921805838,
    "receivedKBytesPerSec" : 514.9701994092703,
    "sentKBytesPerSec" : 19.390875968914816
  }
}